/大國小事/303838/內地現山寨-龍角散-包裝激似-日本公司教路辨真假,https://www.hk01.com/大國小事/303838/內地現山寨-龍角散-包裝激似-日本公司教路辨真假
/哲學/303365/關於愛情的自言自語-五-效益主義者能愛嗎-曾瑞明,https://www.hk01.com/哲學/303365/關於愛情的自言自語-五-效益主義者能愛嗎-曾瑞明
/18區新聞/303800/沙頭角有沉香樹離奇被斬-居民-做法如殺雞取卵,https://www.hk01.com/18區新聞/303800/沙頭角有沉香樹離奇被斬-居民-做法如殺雞取卵
/遊戲動漫/303373/jojo奇妙冒險5黃金之風-千值練喬魯諾人偶筆-罰炒大叫無駄無駄,https://www.hk01.com/遊戲動漫/303373/jojo奇妙冒險5黃金之風-千值練喬魯諾人偶筆-罰炒大叫無駄無駄
/樂壇實況/303020/漂向北方下集-黃明志feat文慧如-不想放開-三日破五十萬點擊,https://www.hk01.com/樂壇實況/303020/漂向北方下集-黃明志feat文慧如-不想放開-三日破五十萬點擊
/即時中國/303792/傳受官方壓力要噤聲-胡星斗回覆香港01-未被禁言-是自己想休息,https://www.hk01.com/即時中國/303792/傳受官方壓力要噤聲-胡星斗回覆香港01-未被禁言-是自己想休息
/職場/302040/台式飲品店-曾日沖千杯珍珠奶茶-店員-做飲食最緊要識補位,https://www.hk01.com/職場/302040/台式飲品店-曾日沖千杯珍珠奶茶-店員-做飲食最緊要識補位
/樂壇實況/303020/漂向北方下集-黃明志feat文慧如-不想放開-三日破五十萬點擊,https://www.hk01.com/樂壇實況/303020/漂向北方下集-黃明志feat文慧如-不想放開-三日破五十萬點擊
/財經快訊/303768/內地職場女性僅52-願與男性一起付首期及供樓-但9成要落自己名,https://www.hk01.com/財經快訊/303768/內地職場女性僅52-願與男性一起付首期及供樓-但9成要落自己名
/,https://www.hk01.com/
/知性女生/303401/marvel隊長-文青brie-larson-9個月變女英雄-推動5-000磅吉普車,https://www.hk01.com/知性女生/303401/marvel隊長-文青brie-larson-9個月變女英雄-推動5-000磅吉普車
/寵物/303667/超專業-警犬睡夢中被吵醒秒入狀態-表現獲網民激讚,https://www.hk01.com/寵物/303667/超專業-警犬睡夢中被吵醒秒入狀態-表現獲網民激讚
/政壇核心外圍/303641/蘋果總裁被特朗普改名做-tim-apple-網民-還有mark-facebook,https://www.hk01.com/政壇核心外圍/303641/蘋果總裁被特朗普改名做-tim-apple-網民-還有mark-facebook
/知性女生/303682/gem與蜂鳥解約-結束11年經理人關係-對最親密的人也要有底線,https://www.hk01.com/知性女生/303682/gem與蜂鳥解約-結束11年經理人關係-對最親密的人也要有底線
/大國小事/303809/有片-稱呼婦女是侮辱-三八-改叫女神節-網友爆口水戰,https://www.hk01.com/大國小事/303809/有片-稱呼婦女是侮辱-三八-改叫女神節-網友爆口水戰
/社區專題/296162/01心意慈善項目-愛協動物拯救基金-救-三腳狗-覓幸福家庭,https://www.hk01.com/社區專題/296162/01心意慈善項目-愛協動物拯救基金-救-三腳狗-覓幸福家庭
/親子/303513/三八婦女節-專聘媽媽再上班-為-合廠-出力-堅持香港製造,https://www.hk01.com/親子/303513/三八婦女節-專聘媽媽再上班-為-合廠-出力-堅持香港製造
/一物/284516/品評2019春夏季時裝廣告-hermès奢華高級-gucci復古具戲劇感,https://www.hk01.com/一物/284516/品評2019春夏季時裝廣告-hermès奢華高級-gucci復古具戲劇感
/即時娛樂/302491/張惠雅浪漫邂逅尼泊爾駝夫-古天樂劉德華混合體-牽手看日出,https://www.hk01.com/即時娛樂/302491/張惠雅浪漫邂逅尼泊爾駝夫-古天樂劉德華混合體-牽手看日出
/,https://www.hk01.com/
/世界說/303444/牛油果-羽衣甘藍大熱-年輕人買唔起樓關佢哋事,https://www.hk01.com/世界說/303444/牛油果-羽衣甘藍大熱-年輕人買唔起樓關佢哋事
/周報/302873/杜特爾特想改菲律賓國名-新名不受歡迎因字面意義是,https://www.hk01.com/周報/302873/杜特爾特想改菲律賓國名-新名不受歡迎因字面意義是
/即時中國/303584/2019兩會-王毅談孟晚舟案-蓄意政治打壓-不當沉默羔羊,https://www.hk01.com/即時中國/303584/2019兩會-王毅談孟晚舟案-蓄意政治打壓-不當沉默羔羊
/即時國際/303572/華為憂美打壓影響供應鏈-傳急增日本零部件供貨,https://www.hk01.com/即時國際/303572/華為憂美打壓影響供應鏈-傳急增日本零部件供貨
/周報/302761/印度教民族主義情緒高漲-改名只為針對穆斯林,https://www.hk01.com/周報/302761/印度教民族主義情緒高漲-改名只為針對穆斯林
/01觀點/303312/美國國會自導自演反猶風波-以色列操縱指控反欲蓋彌彰,https://www.hk01.com/01觀點/303312/美國國會自導自演反猶風波-以色列操縱指控反欲蓋彌彰
/即時國際/303623/王毅談美朝-不要設過高的門檻-不要提不切實際的要求,https://www.hk01.com/即時國際/303623/王毅談美朝-不要設過高的門檻-不要提不切實際的要求
/社會新聞/303698/英基屬校推-一條龍-課程-2020年起學生毋須面試由k1讀至13班,https://www.hk01.com/社會新聞/303698/英基屬校推-一條龍-課程-2020年起學生毋須面試由k1讀至13班
/突發/303715/大圍車房命案-三人獲釋-良心老闆唔請人等伙記回來-公義決定,https://www.hk01.com/突發/303715/大圍車房命案-三人獲釋-良心老闆唔請人等伙記回來-公義決定
/即時體育/303521/d1田徑-學界王者終極決勝-01體育高清直播,https://www.hk01.com/即時體育/303521/d1田徑-學界王者終極決勝-01體育高清直播
/熱爆話題/303612/台男叫老婆拎av光碟回收-封面寫晒觀後感同分數-妻-好羞恥,https://www.hk01.com/熱爆話題/303612/台男叫老婆拎av光碟回收-封面寫晒觀後感同分數-妻-好羞恥
/哲學/76277/亞里士多德-他出生-工作-然後死去-03-07,https://www.hk01.com/哲學/76277/亞里士多德-他出生-工作-然後死去-03-07
/即時體育/221095/英超直播賽程-阿仙奴落後曼聯1分-主場誓挫紅魔重返前四,https://www.hk01.com/即時體育/221095/英超直播賽程-阿仙奴落後曼聯1分-主場誓挫紅魔重返前四
/遊戲動漫/303688/蠟筆小新爸爸臭襪巡迴日本戲院給觀眾聞-新劇場版超勁宣傳手法,https://www.hk01.com/遊戲動漫/303688/蠟筆小新爸爸臭襪巡迴日本戲院給觀眾聞-新劇場版超勁宣傳手法
/即時娛樂/302491/張惠雅浪漫邂逅尼泊爾駝夫-古天樂劉德華混合體-牽手看日出,https://www.hk01.com/即時娛樂/302491/張惠雅浪漫邂逅尼泊爾駝夫-古天樂劉德華混合體-牽手看日出
/開罐/303802/三八婦女節-20句由細聽到大的媽媽金句-讀書唔見你咁叻,https://www.hk01.com/開罐/303802/三八婦女節-20句由細聽到大的媽媽金句-讀書唔見你咁叻
/紀實/299535/婦女節圖輯-分娩攝影比賽作品賞-無比疼痛後-記錄女性偉大,https://www.hk01.com/紀實/299535/婦女節圖輯-分娩攝影比賽作品賞-無比疼痛後-記錄女性偉大
/哲學/76277/亞里士多德-他出生-工作-然後死去-03-07,https://www.hk01.com/哲學/76277/亞里士多德-他出生-工作-然後死去-03-07
/即時娛樂/303543/g-e-m-委託律師與經理人解約-一次次擦掉眼淚告訴自己息事寧人,https://www.hk01.com/即時娛樂/303543/g-e-m-委託律師與經理人解約-一次次擦掉眼淚告訴自己息事寧人
/01觀點/303410/綠置居不斷-蠶食-市區公屋地-勢必加劇階級分化,https://www.hk01.com/01觀點/303410/綠置居不斷-蠶食-市區公屋地-勢必加劇階級分化
/樂壇實況/302901/堅-詞-一雙手-爆紅全靠dse-陳詠謙-一朝多咗十幾萬views,https://www.hk01.com/樂壇實況/302901/堅-詞-一雙手-爆紅全靠dse-陳詠謙-一朝多咗十幾萬views
/01觀點/303410/綠置居不斷-蠶食-市區公屋地-勢必加劇階級分化,https://www.hk01.com/01觀點/303410/綠置居不斷-蠶食-市區公屋地-勢必加劇階級分化
/即時體育/303521/d1田徑-學界王者終極決勝-01體育高清直播,https://www.hk01.com/即時體育/303521/d1田徑-學界王者終極決勝-01體育高清直播
/財經快訊/303817/收市總結-恒指瀉551點-內險-券商全線重傷-港鐵逆市升2,https://www.hk01.com/財經快訊/303817/收市總結-恒指瀉551點-內險-券商全線重傷-港鐵逆市升2
/社區專題/303369/託兒難-北區僅得一嬰兒園-bb等半年-媽媽棄全職湊b女,https://www.hk01.com/社區專題/303369/託兒難-北區僅得一嬰兒園-bb等半年-媽媽棄全職湊b女
/即時中國/303584/2019兩會-王毅談孟晚舟案-蓄意政治打壓-不當沉默羔羊,https://www.hk01.com/即時中國/303584/2019兩會-王毅談孟晚舟案-蓄意政治打壓-不當沉默羔羊
/社會新聞/303862/領綜援婦隱瞞曾獲賠償120萬-被入稟追多收援助金40萬元,https://www.hk01.com/社會新聞/303862/領綜援婦隱瞞曾獲賠償120萬-被入稟追多收援助金40萬元
/18區新聞/303469/沙田街坊注意-沙角邨建華臨時街市無牌肉檔-食環檢控後照開檔,https://www.hk01.com/18區新聞/303469/沙田街坊注意-沙角邨建華臨時街市無牌肉檔-食環檢控後照開檔
/社區專題/303187/乳癌篩查-90後女生患乳癌-曾15次電療-18次標靶-6次化療,https://www.hk01.com/社區專題/303187/乳癌篩查-90後女生患乳癌-曾15次電療-18次標靶-6次化療
/熱爆話題/298470/舊車變家具-零件不是廢鐵-設計師重現舊物光芒,https://www.hk01.com/熱爆話題/298470/舊車變家具-零件不是廢鐵-設計師重現舊物光芒
/即時體育/221095/英超直播賽程-阿仙奴落後曼聯1分-主場誓挫紅魔重返前四,https://www.hk01.com/即時體育/221095/英超直播賽程-阿仙奴落後曼聯1分-主場誓挫紅魔重返前四
/熱爆話題/302529/江西男蜘蛛俠式擒巴士-為搭便車去到幾盡-網民-返工唔使咁嘅,https://www.hk01.com/熱爆話題/302529/江西男蜘蛛俠式擒巴士-為搭便車去到幾盡-網民-返工唔使咁嘅
/熱爆話題/303480/內地女網購中伏-尖頭鞋變彈力-中指鞋-網民嘲-阿拉丁對鞋,https://www.hk01.com/熱爆話題/303480/內地女網購中伏-尖頭鞋變彈力-中指鞋-網民嘲-阿拉丁對鞋
/即時娛樂/303637/何超盈ig曬巨鑽宣布有喜-我已準備好給一個驚喜畀爹哋媽咪,https://www.hk01.com/即時娛樂/303637/何超盈ig曬巨鑽宣布有喜-我已準備好給一個驚喜畀爹哋媽咪
/周報/302693/馬其頓改名不是第一次-國家易名背後除大國角力-還有,https://www.hk01.com/周報/302693/馬其頓改名不是第一次-國家易名背後除大國角力-還有
/社會新聞/303698/英基屬校推-一條龍-課程-2020年起學生毋須面試由k1讀至13班,https://www.hk01.com/社會新聞/303698/英基屬校推-一條龍-課程-2020年起學生毋須面試由k1讀至13班
/職場/303780/政府工-社福署聘行政助理-月薪23k-大學學位-1年經驗可申請,https://www.hk01.com/職場/303780/政府工-社福署聘行政助理-月薪23k-大學學位-1年經驗可申請
/跑步/295082/香港馬拉松2019-比賽靚相開始上架-下載01-app-免費獲取原圖,https://www.hk01.com/跑步/295082/香港馬拉松2019-比賽靚相開始上架-下載01-app-免費獲取原圖
/第二身/290718/古紋化-最早期的紋身女性背後的故事,https://www.hk01.com/第二身/290718/古紋化-最早期的紋身女性背後的故事
/即時娛樂/303719/鄧紫棋發聲明解約-蜂鳥音樂否認指控-未曾對g-e-m-不公或壓迫,https://www.hk01.com/即時娛樂/303719/鄧紫棋發聲明解約-蜂鳥音樂否認指控-未曾對g-e-m-不公或壓迫
/一物/303430/lacoste-經典鱷魚大革新-新創意總監-做個超越polo衫的品牌,https://www.hk01.com/一物/303430/lacoste-經典鱷魚大革新-新創意總監-做個超越polo衫的品牌
/即時中國/303792/傳受官方壓力要噤聲-胡星斗回覆香港01-未被禁言-是自己想休息,https://www.hk01.com/即時中國/303792/傳受官方壓力要噤聲-胡星斗回覆香港01-未被禁言-是自己想休息
/武備志/303779/空手道-竹川達男來港開辦講座-47年堅持空手之道,https://www.hk01.com/武備志/303779/空手道-竹川達男來港開辦講座-47年堅持空手之道
/政情/303793/吳文遠案-cy稱檢控不存在遷就-吳反駁-檢控當局屢反對傳召梁,https://www.hk01.com/政情/303793/吳文遠案-cy稱檢控不存在遷就-吳反駁-檢控當局屢反對傳召梁
/穿搭筆記/303733/chanel-老佛爺karl-lagerfeld再見-告別騷最感人的5個時刻,https://www.hk01.com/穿搭筆記/303733/chanel-老佛爺karl-lagerfeld再見-告別騷最感人的5個時刻
/社會新聞/303862/領綜援婦隱瞞曾獲賠償120萬-被入稟追多收援助金40萬元,https://www.hk01.com/社會新聞/303862/領綜援婦隱瞞曾獲賠償120萬-被入稟追多收援助金40萬元
/金融市場/303023/投資攻略-買公用股收息代表好穩陣-5厘息電能都可能有伏,https://www.hk01.com/金融市場/303023/投資攻略-買公用股收息代表好穩陣-5厘息電能都可能有伏
/社區專題/303291/在院舍好走-設寧養室-家屬陪善終-94歲婆婆享受最後的洗澡,https://www.hk01.com/社區專題/303291/在院舍好走-設寧養室-家屬陪善終-94歲婆婆享受最後的洗澡
/熱爆話題/298470/舊車變家具-零件不是廢鐵-設計師重現舊物光芒,https://www.hk01.com/熱爆話題/298470/舊車變家具-零件不是廢鐵-設計師重現舊物光芒
/親子/302448/兒童健康-傷風感冒多鼻水-有趣方法學習-呻-鼻水技巧,https://www.hk01.com/親子/302448/兒童健康-傷風感冒多鼻水-有趣方法學習-呻-鼻水技巧
/大國小事/303838/內地現山寨-龍角散-包裝激似-日本公司教路辨真假,https://www.hk01.com/大國小事/303838/內地現山寨-龍角散-包裝激似-日本公司教路辨真假
/樂壇實況/302456/廣東k歌加電音有冇得搞-林家謙聯乘dj-king改編-下一位前度,https://www.hk01.com/樂壇實況/302456/廣東k歌加電音有冇得搞-林家謙聯乘dj-king改編-下一位前度
/即時娛樂/303719/鄧紫棋發聲明解約-蜂鳥音樂否認指控-未曾對g-e-m-不公或壓迫,https://www.hk01.com/即時娛樂/303719/鄧紫棋發聲明解約-蜂鳥音樂否認指控-未曾對g-e-m-不公或壓迫
/紀實/303493/婦女節-圖輯-產假後返回職場-母親不得已與子女分別,https://www.hk01.com/紀實/303493/婦女節-圖輯-產假後返回職場-母親不得已與子女分別
/社會新聞/303830/聖保祿中學補鑊開放校舍拍照-在讀學生-班主任指勿盡信傳媒,https://www.hk01.com/社會新聞/303830/聖保祿中學補鑊開放校舍拍照-在讀學生-班主任指勿盡信傳媒
/遊戲動漫/303688/蠟筆小新爸爸臭襪巡迴日本戲院給觀眾聞-新劇場版超勁宣傳手法,https://www.hk01.com/遊戲動漫/303688/蠟筆小新爸爸臭襪巡迴日本戲院給觀眾聞-新劇場版超勁宣傳手法
/跑步/295082/香港馬拉松2019-比賽靚相開始上架-下載01-app-免費獲取原圖,https://www.hk01.com/跑步/295082/香港馬拉松2019-比賽靚相開始上架-下載01-app-免費獲取原圖
/外媒視點/303202/華為風波-加企對華出口許可證被吊銷-俄媒-中國受辱後的反擊,https://www.hk01.com/外媒視點/303202/華為風波-加企對華出口許可證被吊銷-俄媒-中國受辱後的反擊
/哲學/303365/關於愛情的自言自語-五-效益主義者能愛嗎-曾瑞明,https://www.hk01.com/哲學/303365/關於愛情的自言自語-五-效益主義者能愛嗎-曾瑞明
/樂壇實況/302456/廣東k歌加電音有冇得搞-林家謙聯乘dj-king改編-下一位前度,https://www.hk01.com/樂壇實況/302456/廣東k歌加電音有冇得搞-林家謙聯乘dj-king改編-下一位前度
/,https://www.hk01.com/
/周報/302761/印度教民族主義情緒高漲-改名只為針對穆斯林,https://www.hk01.com/周報/302761/印度教民族主義情緒高漲-改名只為針對穆斯林
/外媒視點/303202/華為風波-加企對華出口許可證被吊銷-俄媒-中國受辱後的反擊,https://www.hk01.com/外媒視點/303202/華為風波-加企對華出口許可證被吊銷-俄媒-中國受辱後的反擊
/即時體育/303767/d1田徑-陳佩琦告別戰兩度失金-如回到最初的起點,https://www.hk01.com/即時體育/303767/d1田徑-陳佩琦告別戰兩度失金-如回到最初的起點
/即時國際/303572/華為憂美打壓影響供應鏈-傳急增日本零部件供貨,https://www.hk01.com/即時國際/303572/華為憂美打壓影響供應鏈-傳急增日本零部件供貨
/周報/302873/杜特爾特想改菲律賓國名-新名不受歡迎因字面意義是,https://www.hk01.com/周報/302873/杜特爾特想改菲律賓國名-新名不受歡迎因字面意義是
/突發/303715/大圍車房命案-三人獲釋-良心老闆唔請人等伙記回來-公義決定,https://www.hk01.com/突發/303715/大圍車房命案-三人獲釋-良心老闆唔請人等伙記回來-公義決定
/知性女生/303682/gem與蜂鳥解約-結束11年經理人關係-對最親密的人也要有底線,https://www.hk01.com/知性女生/303682/gem與蜂鳥解約-結束11年經理人關係-對最親密的人也要有底線
/熱爆話題/302529/江西男蜘蛛俠式擒巴士-為搭便車去到幾盡-網民-返工唔使咁嘅,https://www.hk01.com/熱爆話題/302529/江西男蜘蛛俠式擒巴士-為搭便車去到幾盡-網民-返工唔使咁嘅
/一物/303475/展覽-日本藝術家小松美羽神獸再現-3月30日太古廣場即席揮毫,https://www.hk01.com/一物/303475/展覽-日本藝術家小松美羽神獸再現-3月30日太古廣場即席揮毫
/樂壇實況/301206/由金曲獎最佳新人起步-符致逸為陳奕迅-我們都寂寞-作曲的那年,https://www.hk01.com/樂壇實況/301206/由金曲獎最佳新人起步-符致逸為陳奕迅-我們都寂寞-作曲的那年
/社區專題/296162/01心意慈善項目-愛協動物拯救基金-救-三腳狗-覓幸福家庭,https://www.hk01.com/社區專題/296162/01心意慈善項目-愛協動物拯救基金-救-三腳狗-覓幸福家庭
/知性女生/303401/marvel隊長-文青brie-larson-9個月變女英雄-推動5-000磅吉普車,https://www.hk01.com/知性女生/303401/marvel隊長-文青brie-larson-9個月變女英雄-推動5-000磅吉普車
/熱爆話題/303702/台大碩士為救癌末妻買大麻偏方-被捕後妻不治-官憐憫判緩刑,https://www.hk01.com/熱爆話題/303702/台大碩士為救癌末妻買大麻偏方-被捕後妻不治-官憐憫判緩刑
/周報/302693/馬其頓改名不是第一次-國家易名背後除大國角力-還有,https://www.hk01.com/周報/302693/馬其頓改名不是第一次-國家易名背後除大國角力-還有
/即時娛樂/303637/何超盈ig曬巨鑽宣布有喜-我已準備好給一個驚喜畀爹哋媽咪,https://www.hk01.com/即時娛樂/303637/何超盈ig曬巨鑽宣布有喜-我已準備好給一個驚喜畀爹哋媽咪
/紀實/299535/婦女節圖輯-分娩攝影比賽作品賞-無比疼痛後-記錄女性偉大,https://www.hk01.com/紀實/299535/婦女節圖輯-分娩攝影比賽作品賞-無比疼痛後-記錄女性偉大
/第二身/290718/古紋化-最早期的紋身女性背後的故事,https://www.hk01.com/第二身/290718/古紋化-最早期的紋身女性背後的故事
/大國小事/303809/有片-稱呼婦女是侮辱-三八-改叫女神節-網友爆口水戰,https://www.hk01.com/大國小事/303809/有片-稱呼婦女是侮辱-三八-改叫女神節-網友爆口水戰
/職場/300721/飲食創業-新蒲崗開舖-專營堅果奶台飲-黑糖珍珠熱潮只餘兩年,https://www.hk01.com/職場/300721/飲食創業-新蒲崗開舖-專營堅果奶台飲-黑糖珍珠熱潮只餘兩年
/18區新聞/303469/沙田街坊注意-沙角邨建華臨時街市無牌肉檔-食環檢控後照開檔,https://www.hk01.com/18區新聞/303469/沙田街坊注意-沙角邨建華臨時街市無牌肉檔-食環檢控後照開檔
/演唱現場/303351/josie-the-uni-boys-4月襲九展-集結中港台搖滾勁旅破格演出,https://www.hk01.com/演唱現場/303351/josie-the-uni-boys-4月襲九展-集結中港台搖滾勁旅破格演出
/突發/303474/亡命褪車-九巴行錯路-新田公路瘋狂倒車-女車長-我睇過安全,https://www.hk01.com/突發/303474/亡命褪車-九巴行錯路-新田公路瘋狂倒車-女車長-我睇過安全
/職場/300721/飲食創業-新蒲崗開舖-專營堅果奶台飲-黑糖珍珠熱潮只餘兩年,https://www.hk01.com/職場/300721/飲食創業-新蒲崗開舖-專營堅果奶台飲-黑糖珍珠熱潮只餘兩年
/紀實/303850/須田一政逝世-重看-日常の断片-尋常事物中發掘-非日常,https://www.hk01.com/紀實/303850/須田一政逝世-重看-日常の断片-尋常事物中發掘-非日常
/寵物/303667/超專業-警犬睡夢中被吵醒秒入狀態-表現獲網民激讚,https://www.hk01.com/寵物/303667/超專業-警犬睡夢中被吵醒秒入狀態-表現獲網民激讚
/第二身/292720/紋身風-典型女性紋身表格-解構女性專屬經典,https://www.hk01.com/第二身/292720/紋身風-典型女性紋身表格-解構女性專屬經典
/職場/303780/政府工-社福署聘行政助理-月薪23k-大學學位-1年經驗可申請,https://www.hk01.com/職場/303780/政府工-社福署聘行政助理-月薪23k-大學學位-1年經驗可申請
/形而/301536/swatch集團將全面使用防磁游絲-首款nivachron游絲腕錶經已登場,https://www.hk01.com/形而/301536/swatch集團將全面使用防磁游絲-首款nivachron游絲腕錶經已登場
/形而/301536/swatch集團將全面使用防磁游絲-首款nivachron游絲腕錶經已登場,https://www.hk01.com/形而/301536/swatch集團將全面使用防磁游絲-首款nivachron游絲腕錶經已登場
/一物/303430/lacoste-經典鱷魚大革新-新創意總監-做個超越polo衫的品牌,https://www.hk01.com/一物/303430/lacoste-經典鱷魚大革新-新創意總監-做個超越polo衫的品牌
/財經快訊/303740/三八婦女節-恒生董事女性佔近4成-中生製藥滙控領展緊隨其後,https://www.hk01.com/財經快訊/303740/三八婦女節-恒生董事女性佔近4成-中生製藥滙控領展緊隨其後
/演唱現場/303351/josie-the-uni-boys-4月襲九展-集結中港台搖滾勁旅破格演出,https://www.hk01.com/演唱現場/303351/josie-the-uni-boys-4月襲九展-集結中港台搖滾勁旅破格演出
/紀實/303493/婦女節-圖輯-產假後返回職場-母親不得已與子女分別,https://www.hk01.com/紀實/303493/婦女節-圖輯-產假後返回職場-母親不得已與子女分別
/財經快訊/303740/三八婦女節-恒生董事女性佔近4成-中生製藥滙控領展緊隨其後,https://www.hk01.com/財經快訊/303740/三八婦女節-恒生董事女性佔近4成-中生製藥滙控領展緊隨其後
/數碼生活/303781/apple-急將-iphone-se-清貨-傳3月25日發布平價iphone-se2-救市,https://www.hk01.com/數碼生活/303781/apple-急將-iphone-se-清貨-傳3月25日發布平價iphone-se2-救市
/樂壇實況/301206/由金曲獎最佳新人起步-符致逸為陳奕迅-我們都寂寞-作曲的那年,https://www.hk01.com/樂壇實況/301206/由金曲獎最佳新人起步-符致逸為陳奕迅-我們都寂寞-作曲的那年
/01觀點/303312/美國國會自導自演反猶風波-以色列操縱指控反欲蓋彌彰,https://www.hk01.com/01觀點/303312/美國國會自導自演反猶風波-以色列操縱指控反欲蓋彌彰
/世界說/303444/牛油果-羽衣甘藍大熱-年輕人買唔起樓關佢哋事,https://www.hk01.com/世界說/303444/牛油果-羽衣甘藍大熱-年輕人買唔起樓關佢哋事
/突發/303474/亡命褪車-九巴行錯路-新田公路瘋狂倒車-女車長-我睇過安全,https://www.hk01.com/突發/303474/亡命褪車-九巴行錯路-新田公路瘋狂倒車-女車長-我睇過安全
/熱爆話題/303702/台大碩士為救癌末妻買大麻偏方-被捕後妻不治-官憐憫判緩刑,https://www.hk01.com/熱爆話題/303702/台大碩士為救癌末妻買大麻偏方-被捕後妻不治-官憐憫判緩刑
/數碼生活/303781/apple-急將-iphone-se-清貨-傳3月25日發布平價iphone-se2-救市,https://www.hk01.com/數碼生活/303781/apple-急將-iphone-se-清貨-傳3月25日發布平價iphone-se2-救市
/社會新聞/303830/聖保祿中學補鑊開放校舍拍照-在讀學生-班主任指勿盡信傳媒,https://www.hk01.com/社會新聞/303830/聖保祿中學補鑊開放校舍拍照-在讀學生-班主任指勿盡信傳媒
/一物/303475/展覽-日本藝術家小松美羽神獸再現-3月30日太古廣場即席揮毫,https://www.hk01.com/一物/303475/展覽-日本藝術家小松美羽神獸再現-3月30日太古廣場即席揮毫
/財經快訊/303817/收市總結-恒指瀉551點-內險-券商全線重傷-港鐵逆市升2,https://www.hk01.com/財經快訊/303817/收市總結-恒指瀉551點-內險-券商全線重傷-港鐵逆市升2
/遊戲動漫/303373/jojo奇妙冒險5黃金之風-千值練喬魯諾人偶筆-罰炒大叫無駄無駄,https://www.hk01.com/遊戲動漫/303373/jojo奇妙冒險5黃金之風-千值練喬魯諾人偶筆-罰炒大叫無駄無駄
/紀實/303493/婦女節-圖輯-產假後返回職場-母親不得已與子女分別,https://www.hk01.com/紀實/303493/婦女節-圖輯-產假後返回職場-母親不得已與子女分別
/電影/303746/marvel隊長-杜麗莎撞樣零違和感-香港-復仇者聯盟-齊人,https://www.hk01.com/電影/303746/marvel隊長-杜麗莎撞樣零違和感-香港-復仇者聯盟-齊人
/金融市場/303023/投資攻略-買公用股收息代表好穩陣-5厘息電能都可能有伏,https://www.hk01.com/金融市場/303023/投資攻略-買公用股收息代表好穩陣-5厘息電能都可能有伏
/第二身/292720/紋身風-典型女性紋身表格-解構女性專屬經典,https://www.hk01.com/第二身/292720/紋身風-典型女性紋身表格-解構女性專屬經典
/熱爆話題/303480/內地女網購中伏-尖頭鞋變彈力-中指鞋-網民嘲-阿拉丁對鞋,https://www.hk01.com/熱爆話題/303480/內地女網購中伏-尖頭鞋變彈力-中指鞋-網民嘲-阿拉丁對鞋
/一物/284516/品評2019春夏季時裝廣告-hermès奢華高級-gucci復古具戲劇感,https://www.hk01.com/一物/284516/品評2019春夏季時裝廣告-hermès奢華高級-gucci復古具戲劇感
/開罐/303802/三八婦女節-20句由細聽到大的媽媽金句-讀書唔見你咁叻,https://www.hk01.com/開罐/303802/三八婦女節-20句由細聽到大的媽媽金句-讀書唔見你咁叻
/熱爆話題/303612/台男叫老婆拎av光碟回收-封面寫晒觀後感同分數-妻-好羞恥,https://www.hk01.com/熱爆話題/303612/台男叫老婆拎av光碟回收-封面寫晒觀後感同分數-妻-好羞恥
/親子/303513/三八婦女節-專聘媽媽再上班-為-合廠-出力-堅持香港製造,https://www.hk01.com/親子/303513/三八婦女節-專聘媽媽再上班-為-合廠-出力-堅持香港製造
/財經快訊/303768/內地職場女性僅52-願與男性一起付首期及供樓-但9成要落自己名,https://www.hk01.com/財經快訊/303768/內地職場女性僅52-願與男性一起付首期及供樓-但9成要落自己名
/電影/303746/marvel隊長-杜麗莎撞樣零違和感-香港-復仇者聯盟-齊人,https://www.hk01.com/電影/303746/marvel隊長-杜麗莎撞樣零違和感-香港-復仇者聯盟-齊人
/即時國際/303623/王毅談美朝-不要設過高的門檻-不要提不切實際的要求,https://www.hk01.com/即時國際/303623/王毅談美朝-不要設過高的門檻-不要提不切實際的要求
/職場/302040/台式飲品店-曾日沖千杯珍珠奶茶-店員-做飲食最緊要識補位,https://www.hk01.com/職場/302040/台式飲品店-曾日沖千杯珍珠奶茶-店員-做飲食最緊要識補位
/01觀點/303765/圖書館主任之死揭示教育制度嚴重變質,https://www.hk01.com/01觀點/303765/圖書館主任之死揭示教育制度嚴重變質
/政壇核心外圍/303641/蘋果總裁被特朗普改名做-tim-apple-網民-還有mark-facebook,https://www.hk01.com/政壇核心外圍/303641/蘋果總裁被特朗普改名做-tim-apple-網民-還有mark-facebook
/社區專題/303187/乳癌篩查-90後女生患乳癌-曾15次電療-18次標靶-6次化療,https://www.hk01.com/社區專題/303187/乳癌篩查-90後女生患乳癌-曾15次電療-18次標靶-6次化療
/武備志/303779/空手道-竹川達男來港開辦講座-47年堅持空手之道,https://www.hk01.com/武備志/303779/空手道-竹川達男來港開辦講座-47年堅持空手之道
/01觀點/303765/圖書館主任之死揭示教育制度嚴重變質,https://www.hk01.com/01觀點/303765/圖書館主任之死揭示教育制度嚴重變質
/社會新聞/303856/長者醫療券-配眼鏡-驗眼上限每兩年1000元-視光師表明反對,https://www.hk01.com/社會新聞/303856/長者醫療券-配眼鏡-驗眼上限每兩年1000元-視光師表明反對
/社區專題/303369/託兒難-北區僅得一嬰兒園-bb等半年-媽媽棄全職湊b女,https://www.hk01.com/社區專題/303369/託兒難-北區僅得一嬰兒園-bb等半年-媽媽棄全職湊b女
/樂壇實況/302901/堅-詞-一雙手-爆紅全靠dse-陳詠謙-一朝多咗十幾萬views,https://www.hk01.com/樂壇實況/302901/堅-詞-一雙手-爆紅全靠dse-陳詠謙-一朝多咗十幾萬views
/即時娛樂/303543/g-e-m-委託律師與經理人解約-一次次擦掉眼淚告訴自己息事寧人,https://www.hk01.com/即時娛樂/303543/g-e-m-委託律師與經理人解約-一次次擦掉眼淚告訴自己息事寧人
/紀實/303850/須田一政逝世-重看-日常の断片-尋常事物中發掘-非日常,https://www.hk01.com/紀實/303850/須田一政逝世-重看-日常の断片-尋常事物中發掘-非日常
/穿搭筆記/303733/chanel-老佛爺karl-lagerfeld再見-告別騷最感人的5個時刻,https://www.hk01.com/穿搭筆記/303733/chanel-老佛爺karl-lagerfeld再見-告別騷最感人的5個時刻
/18區新聞/303800/沙頭角有沉香樹離奇被斬-居民-做法如殺雞取卵,https://www.hk01.com/18區新聞/303800/沙頭角有沉香樹離奇被斬-居民-做法如殺雞取卵
/社區專題/303291/在院舍好走-設寧養室-家屬陪善終-94歲婆婆享受最後的洗澡,https://www.hk01.com/社區專題/303291/在院舍好走-設寧養室-家屬陪善終-94歲婆婆享受最後的洗澡
/政情/303793/吳文遠案-cy稱檢控不存在遷就-吳反駁-檢控當局屢反對傳召梁,https://www.hk01.com/政情/303793/吳文遠案-cy稱檢控不存在遷就-吳反駁-檢控當局屢反對傳召梁
/即時體育/303767/d1田徑-陳佩琦告別戰兩度失金-如回到最初的起點,https://www.hk01.com/即時體育/303767/d1田徑-陳佩琦告別戰兩度失金-如回到最初的起點
/親子/302448/兒童健康-傷風感冒多鼻水-有趣方法學習-呻-鼻水技巧,https://www.hk01.com/親子/302448/兒童健康-傷風感冒多鼻水-有趣方法學習-呻-鼻水技巧
/社會新聞/303856/長者醫療券-配眼鏡-驗眼上限每兩年1000元-視光師表明反對,https://www.hk01.com/社會新聞/303856/長者醫療券-配眼鏡-驗眼上限每兩年1000元-視光師表明反對
/紀實/299535/婦女節圖輯-分娩攝影比賽作品賞-無比疼痛後-記錄女性偉大,https://www.hk01.com/紀實/299535/婦女節圖輯-分娩攝影比賽作品賞-無比疼痛後-記錄女性偉大
